,0,1,2,3,4,5,6,7,8,9,10,11,12,13,14,15,16,17,18,19,20,21,22,23,24,25,26,27,28,29,30,31,32,33,34,35,36,37,38,39,40,41,42,43,44,45,46,47,48,49,50,51,52,53,54,55,56,57,58,59,60,61,62,63,64,65,66,67,68,69,70,71,72,73,74,75,76,77,78,79,80,81,82,83,84,85,86,87,88,89,90,91,92,93,94,95,96,97,98,99,100,101,102,103,104,105,106,107,108,109,110,111,112,113,114,115,116,117,118,119,120,121,122,123,124,125,126,127,128,129,130,131,132,133,134,135,136,137,138,139,140,141,142,143,144,145,146,147,148,149,150,151,152,153,154,155,156,157,158,159,160,161,162,163,164,165,166,167,168,169,170,171,172,173,174
Slc17a7,0.18959238,0,0.19606315,0,0.15962781,0.23508143,0.29094487,0,0,0.17637552,0.15838358,0,0.16039193,0,0,0.20024829,0.26170656,0,0.24340309,0.12785295,0.20666759,0,0.14440416,0,0.25709808,0,0.154169,0,0,0.25067222,0,0,0.15368429,0.12918055,0.11745093,0,0.27769506,0.21490869,0.41714466,0.21577163,0.2693458,0.23775078,0.45778832,0.1748403,0.3515364,0,0.1748578,0.29881352,0.3627154,0.2298773,0.2592895,0.18760629,0.19520356,0.19010726,0.17497534,0.2668114,0.119397685,0.18209653,0.28232682,0.19418481,0.3282085,0.1726889,0.27712864,0,0.19368306,0.16893628,0.2666271,0.306968,0.36449128,0.31005993,0,0.18981631,0.3615487,0.16311216,0.3757337,0.19095755,0.28126556,0,0.16272572,0.14567293,0.34291464,0.2816198,0.23309933,0.24344797,0.22765447,0.21633309,0.18063147,0,0.24384263,0.24971734,0.30404246,0.25447553,0,0,0,0,0.40295655,0,0.3642266,0,0.18184641,0.302443,0.12651505,0,0.21662772,0,0.19901103,0.23802388,0,0.13579416,0,0.20390122,0,0.117529936,0,0,0,0.18708062,0.16812706,0.20582752,0,0.14680265,0,0.2267207,0.16002771,0,0.23291706,0.25081038,0.19601528,0.1743254,0.17295042,0.23323695,0,0.148847,0.18959223,0,0.19972245,0,0.2520141,0,0,0,0,0.26499057,0.15759236,0.16275485,0,0.22638412,0.21587318,0.2409802,0.21953768,0.15110826,0.33938912,0.24018776,0.21778952,0.16377372,0.28128836,0,0.34691066,0.31977293,0.2297769,0.3547928,0.15797824,0.36725435,0.48014846,0.474898,0.22714353,0.17236726,0.28059012,0,0,0.13453752,0.11807869,0,0.15159756
Sall4,0.789748,0.81630665,0.79421896,0.76356256,0.7917213,0.808999,0.8460903,0.80522877,0.8328206,0.80365473,0.81175673,0.7213769,0.781833,0.8412447,0.82285595,0.8240278,0.82586586,0.80643994,0.8047828,0.8051119,0.7674855,0.64662945,0.76562214,0.7907554,0.8419061,0.8410222,0.8361472,0.8209548,0.80608267,0.79741216,0.79641455,0.81551284,0.75592655,0.7475122,0.77772,0.76569474,0.78802145,0.80946606,0.83904237,0.82660395,0.81411123,0.7976251,0.8062023,0.7121738,0.7827192,0.75822055,0.8122756,0.76739097,0.7904498,0.773056,0.8157387,0.77313405,0.7380566,0.80238676,0.8100403,0.72588557,0.8175011,0.795626,0.79754704,0.810322,0.7947962,0.789152,0.76549107,0.79893154,0.79070187,0.79768366,0.81555295,0.7299659,0.7767545,0.7968361,0.72524446,0.7269692,0.728647,0.7271312,0.80940354,0.7640163,0.8014649,0.71603644,0.81838346,0.75212795,0.8234096,0.76548076,0.8043898,0.7552573,0.82122135,0.8139252,0.64452386,0.5944375,0.8301119,0.7773076,0.7611458,0.802069,0.7000822,0.81432885,0.80008024,0.7813885,0.71341014,0.74882495,0.80764484,0.795396,0.8049692,0.7655044,0.78723735,0.8379228,0.8170188,0.8758048,0.73005354,0.79113835,0.8015152,0.74692875,0.87904763,0.7966607,0.87674135,0.773738,0.8407792,0.52283114,0.83539397,0.7403845,0.75636756,0.77991575,0.7797576,0.80593944,0.7927862,0.77499527,0.8386108,0.8412668,0.8012576,0.76495624,0.77329695,0.826858,0.8405982,0.8563565,0.7834508,0.76762325,0.77031875,0.7839178,0.8493391,0.8114428,0.7666755,0.80424476,0.79354,0.7804066,0.67956007,0.7580792,0.7989817,0.8154409,0.77092236,0.8490977,0.7469911,0.7164817,0.7854634,0.79859877,0.8038531,0.778881,0.771943,0.7705053,0.8484204,0.80695206,0.8068663,0.83093196,0.7611775,0.8298983,0.77845746,0.81506765,0.8114618,0.75043154,0.822257,0.802608,0.77673906,0.7761318,0.75259745,0.75713754,0.77898866,0.7464777,0.76179385
Mki67,0.6282068,0.65189093,0.6376495,0.660911,0.6409127,0.62841237,0.62656,0.6144513,0.49333847,0.6959166,0.63387305,0.6573969,0.70936286,0.6446484,0.65007913,0.6740734,0.603019,0.64044833,0.63362885,0.7002191,0.66976345,0.42099646,0.66424614,0.36527035,0.669184,0.49800834,0.58873045,0.46824336,0.6173841,0.65692925,0.6801009,0.7244908,0.6651186,0.5987156,0.62976867,0.60618573,0.71931607,0.64804167,0.67280084,0.6177453,0.57901883,0.59292525,0.5500423,0.55694157,0.6368872,0.55371827,0.53106993,0.6146264,0.64953953,0.71707827,0.68791217,0.5076618,0.6079932,0.6279712,0.5766318,0.6344147,0.606419,0.6141115,0.61847365,0.66026926,0.59283024,0.55120236,0.71845883,0.56609744,0.58685035,0.58655775,0.56318945,0.6910392,0.5749546,0.6975594,0.65437233,0.52199405,0.56542563,0.7366222,0.57702196,0.6966338,0.58836055,0.49490958,0.5905087,0.6801334,0.62297195,0.59416455,0.58064115,0.6627459,0.54656494,0.61661774,0.4799216,0.3930896,0.71618265,0.66682327,0.6437371,0.65837747,0.6409531,0.6459666,0.5763139,0.67932063,0.5454155,0.6238242,0.66434824,0.6938611,0.6457596,0.5966176,0.5782754,0.70838827,0.62483513,0.53406405,0.6568997,0.63554186,0.6489698,0.61345065,0.55471,0.57374173,0.54745865,0.66028446,0.6297703,0.5588581,0.75717825,0.6501495,0.59198,0.510079,0.6664352,0.60986465,0.62888646,0.60426974,0.6966626,0.566797,0.5606324,0.64244056,0.6452954,0.67634416,0.56219643,0.7077743,0.64762557,0.5331406,0.6431138,0.6566516,0.6824157,0.659931,0.55394465,0.5556136,0.70756024,0.65900224,0.5452426,0.556,0.6303075,0.6229863,0.43340048,0.6646083,0.5384489,0.66295385,0.5744948,0.6294236,0.70299006,0.65316975,0.6382738,0.58084124,0.6637331,0.6044378,0.7088369,0.66259456,0.6156902,0.6193769,0.74486506,0.6169875,0.6933437,0.67998236,0.6060394,0.6024299,0.57128364,0.5731539,0.55037594,0.6073799,0.6147489,0.6224769,0.6126317
Nanog,0.2653952,0.72395873,0.5286057,0.2316681,0.6540466,0,0.53633624,0.56163293,0.63124174,0.67937,0,0.17815945,0.16039193,0.6979552,0.61077344,0.5859818,0.6301872,0.59816396,0.65711683,0.6096066,0.1398729,0.5568508,0,0.4057115,0.6034548,0.535046,0.7323888,0.2157696,0.45233124,0.85060745,0.3967691,0.5063135,0.574736,0.75473624,0.8658756,0.6199755,0.39093223,0.5979933,0.8747968,0.67561036,0.57274485,0.65343004,0.58660084,0.32715487,0.45592064,0.6873343,0.3306942,0.7011261,0.6606524,0.31155476,0.5538204,0.18760629,0.8124375,0.7255056,0.7141091,0.3496306,0.7328949,0.45651484,0.6819843,0.64223385,0.859634,0.5571553,0.4013805,0.9051842,0.5538031,0.88072115,0.57604057,0.62228596,0.5928003,0.69943154,0.35273162,0.46157533,0.5903004,0.23454939,0.89296806,0.26680556,0.20360097,0,0.7762756,0.51357025,0.8627481,0.56282085,0.93689495,0.61770135,0.4167165,0,0.3608593,0,0.80280775,0.7072443,0.7004586,0.7489196,0.82583284,0.53039145,0.5639083,0.13412446,0.5124538,0.4934167,0,0.34173506,0.18184641,0.56962323,0.808002,0.697168,0,0.2446898,0.3433364,0.944955,0.45079705,0.5777645,0.45319933,0.68701583,0,0.7791104,0.2562312,0,0.6671467,0.18708062,0.8702293,0.5710226,0.76341313,0.46629792,0.46398115,0.50770414,0.40102318,0.43891034,0.47036657,0.36181226,0.4492661,0.5647033,0.357123,0.81004804,0.38157192,0.4921819,0.3746825,0.5577679,0.6027762,0.44771835,0.2520141,0.6202233,0.26073438,0.5164379,0.5059203,0.6989591,0.57209015,0.650129,0.2702503,0.8470747,0.21587318,0.19728158,0,0,0.82765234,0.5946711,0.8703563,0.36692524,0.8776896,0.20561455,0.7579601,0.7484573,0.7578769,0.688471,0.87461114,0.8043039,0.74000853,0.3831942,0.53765535,0.67329365,0.47489017,0.52232856,0.33723697,0,0.3814455,0.576739,0.22171384
Mtf2,0,0,0,0,0,0,0,0,0,0,0,0,0,0,0,0,0,0,0,0,0,0,0,0,0,0,0,0,0,0,0,0,0,0,0,0,0,0,0,0,0,0,0,0,0,0,0,0,0,0,0,0,0,0,0,0,0,0,0,0,0,0,0,0,0,0,0,0,0,0,0,0,0,0,0,0,0,0,0,0,0,0,0,0,0,0,0,0,0,0,0,0,0,0,0,0,0,0,0,0,0,0,0,0,0,0,0,0,0,0,0,0,0,0,0,0,0,0,0,0,0,0,0,0,0,0,0,0,0,0,0,0,0,0,0,0,0,0,0,0,0,0,0,0,0,0,0,0,0,0,0,0,0,0,0,0,0,0,0,0,0,0,0,0,0,0,0,0,0,0,0,0,0,0,0
Cdk1,0.77735674,0.81175375,0.68665725,0.7304367,0.73889804,0.74488676,0.7714887,0.69606817,0.59390175,0.77577084,0.72847396,0.7674381,0.7730974,0.7708899,0.7880592,0.7792852,0.73219067,0.73227465,0.72392094,0.8099979,0.78095615,0.65103495,0.7708662,0.60101837,0.7348525,0.6028487,0.75094026,0.5307313,0.6379693,0.7490214,0.7261487,0.7668836,0.7267736,0.66457695,0.68366075,0.74961907,0.8263795,0.76281154,0.8110279,0.74514467,0.68754673,0.6613492,0.6896931,0.6722052,0.6737212,0.72568727,0.68633425,0.7420309,0.664164,0.7938516,0.7916164,0.61885107,0.71555996,0.73323464,0.74585956,0.74286336,0.7983796,0.7165447,0.6941194,0.6668639,0.7754653,0.67704874,0.8296902,0.69978255,0.66518915,0.7332562,0.68459827,0.71484727,0.6426043,0.74762726,0.77726334,0.7006525,0.65270114,0.8292743,0.6721005,0.7946216,0.6340903,0.6223721,0.6889809,0.7910245,0.6902957,0.7537606,0.65603954,0.701299,0.6977418,0.71622616,0.6843898,0.5211182,0.7569115,0.71122354,0.74026513,0.6848769,0.70620126,0.698467,0.7251566,0.77740556,0.621362,0.75070876,0.74495095,0.8221715,0.81392986,0.69720936,0.7310093,0.74177414,0.71469456,0.68717456,0.75106984,0.807959,0.68951607,0.7328765,0.659132,0.655216,0.7243665,0.782365,0.73980844,0.7094988,0.8223524,0.77737933,0.6817052,0.6077625,0.724571,0.7756779,0.7477624,0.6574028,0.8009075,0.7824907,0.7175235,0.7541181,0.79492044,0.7702008,0.717272,0.77351,0.72857326,0.68474793,0.7149062,0.776657,0.7867734,0.8276484,0.54043514,0.7271548,0.8077464,0.77306664,0.69324726,0.7077609,0.71139675,0.73068756,0.608921,0.7539711,0.74169147,0.7783345,0.698652,0.799344,0.80254495,0.74487096,0.7865523,0.69146174,0.6217948,0.7226189,0.6811446,0.6397834,0.6468583,0.7059282,0.7985048,0.71898144,0.65073276,0.6637722,0.7178414,0.66230524,0.651943,0.71504456,0.6656155,0.7460267,0.7680467,0.7285995,0.67270863
Klf6,0.47877964,0.41048178,0.5527882,0.51078206,0.47315788,0.596136,0.53633624,0.3604839,0.6919142,0.58213913,0.57125133,0.5771143,0.6446362,0.62282234,0.5897656,0.48562935,0.51831704,0.5549279,0.63989234,0.5750384,0.43958363,0.89285856,0.62759703,0.4219237,0.6168287,0.57022494,0.44828898,0.33702478,0.51410306,0.4370469,0.550083,0.5566759,0.5787019,0.4332939,0.5672327,0.40539828,0.55127007,0.48537424,0.60451573,0.49595526,0.5182741,0.4819472,0.5500423,0.49975362,0.5142507,0.49433312,0.4999317,0.5266639,0.5165513,0.5452622,0.68610835,0.6220253,0.579732,0.51328224,0.58169943,0.37733626,0.44097713,0.5336453,0.3679293,0.38431698,0.54153067,0.48116183,0.7288791,0.388717,0.3199242,0.2902131,0.37987074,0.55636376,0.34513232,0.57106596,0.62601614,0.6036259,0.4263734,0.67023367,0.58678657,0.58534515,0.59994656,0.57109034,0.3684288,0.6424183,0.54062647,0.6073968,0.62158704,0.623879,0.6991494,0.6421818,0.50628895,0.46572235,0.66586965,0.39797044,0.659766,0.20948158,0.6376964,0.6459666,0.6414025,0.7330327,0.5299477,0.5648241,0.45656413,0.68603665,0.45669472,0.5314986,0.47475964,0.59568036,0.62937444,0.48701972,0.58676654,0.47888705,0.33465055,0.541909,0.64428496,0.6032337,0.42409313,0.4996575,0.44438484,0.7285314,0.6913859,0.4945027,0.6415113,0.6287904,0.5670962,0.7899031,0.5082103,0.7141224,0.52838296,0.6594452,0.5348883,0.6099913,0.5526338,0.705038,0.6580361,0.5427722,0.60402256,0.4921819,0.6292712,0.6368862,0.5559408,0.44771835,0.5086372,0.55093557,0.46348995,0.6318036,0.4092068,0.36757907,0.6246282,0.5483728,0.6995387,0.4333228,0.55238336,0.48748606,0.67292935,0.6127119,0.52278906,0.6627783,0.41557944,0.541255,0.48624483,0.67773783,0.40710798,0.4499803,0.43843424,0.65274286,0.5549667,0.6331987,0.6805081,0.59926647,0.6060394,0.5038518,0.51512784,0.6443777,0.46206602,0.5856825,0.55637014,0.5592557,0.4623859
Tet1,0.704191,0.79646385,0.79297715,0.7285476,0.80722785,0.62841237,0.75203687,0.82198316,0.549299,0.71249896,0.78693026,0.7737546,0.7859935,0.81383425,0.7728619,0.7710385,0.7850192,0.7725495,0.74940985,0.7160631,0.75425184,0.5153157,0.7369347,0.6115989,0.7737886,0.63284767,0.81127405,0.5778964,0.7440783,0.78461623,0.78937316,0.8312154,0.79163915,0.74668497,0.76711345,0.6751646,0.76009077,0.7145641,0.78421247,0.76320803,0.7673066,0.7738547,0.7332212,0.77636623,0.746804,0.7739949,0.81567687,0.80343837,0.76486695,0.78917825,0.79076403,0.56810826,0.7390409,0.7214696,0.8091066,0.68605524,0.82782,0.800773,0.72513777,0.7844325,0.74940735,0.7826311,0.7288791,0.7449675,0.8149357,0.764794,0.7818383,0.7829913,0.7438139,0.8108303,0.72144544,0.64756334,0.77493715,0.7025251,0.77519226,0.798,0.7290607,0.6223721,0.74158025,0.6896486,0.80952954,0.6727777,0.775618,0.69961864,0.5215255,0.7715569,0.61016375,0.5723343,0.75205714,0.73181564,0.7844623,0.771038,0.7041919,0.6932192,0.707903,0.6440698,0.71341014,0.7851966,0.91339487,0.65937346,0.8150104,0.75332206,0.7920533,0.77987045,0.7418184,0.678376,0.71977746,0.71986276,0.69799125,0.73867553,0.54952013,0.7720831,0.6960009,0.7562407,0.72751695,0.67240936,0.61117876,0.80042785,0.69528234,0.6597017,0.7549312,0.5075981,0.8100201,0.7085823,0.8218021,0.7787335,0.71461284,0.7483567,0.76303524,0.7287228,0.72918105,0.7610078,0.7044733,0.73859835,0.6826012,0.64909357,0.8311032,0.783268,0.81083727,0.7475954,0.7759032,0.6480106,0.7534348,0.69115573,0.72987086,0.70233524,0.5742461,0.75072664,0.8031139,0.7706518,0.7660735,0.72743577,0.7595366,0.74487096,0.7510114,0.721742,0.7795189,0.57168716,0.7640751,0.75533015,0.7643994,0.75876427,0.80657905,0.78893805,0.83370095,0.7677213,0.76003456,0.80364156,0.6893067,0.6443777,0.77262,0.78179467,0.7860373,0.7138963,0.77582914
Efna5,0,0,0,0,0,0,0,0,0,0,0,0,0,0,0,0,0,0,0,0,0,0,0,0,0,0,0,0,0,0,0,0,0,0,0,0,0,0,0,0,0,0,0,0,0,0,0,0,0,0,0,0,0,0,0,0,0,0,0,0,0,0,0,0,0,0,0,0,0,0,0,0,0,0,0,0,0,0,0,0,0,0,0,0,0,0,0,0,0,0,0,0,0,0,0,0,0,0,0,0,0,0,0,0,0,0,0,0,0,0,0,0,0,0,0,0,0,0,0,0,0,0,0,0,0,0,0,0,0,0,0,0,0,0,0,0,0,0,0,0,0,0,0,0,0,0,0,0,0,0,0,0,0,0,0,0,0,0,0,0,0,0,0,0,0,0,0,0,0,0,0,0,0,0,0
Ccnd2,0,0.2730715,0.2728792,0,0.15962781,0,0.16976206,0.2969165,0,0,0.15838358,0.17815945,0,0.35526228,0.452501,0,0.3665589,0.31967336,0,0,0,0.58478576,0.14440416,0.1874262,0.41329777,0,0,0.2905978,0,0,0.4404872,0.2869234,0.40465948,0,0,0.144321,0,0,0.18299393,0.21577163,0.57274485,0.40827692,0.39643744,0,0.44050825,0.15160607,0.2484392,0.38440534,0.552375,0.33933055,0,0,0.12978159,0.19010726,0.38332516,0.23441926,0.119397685,0,0.3449006,0.2711578,0.17144561,0.1726889,0.32566842,0.16454121,0.19368306,0,0.2666271,0,0.3814265,0.31005993,0.303441,0.18981631,0.38091913,0.28090483,0.3757337,0.1268816,0,0,0,0.41788316,0.23170371,0.23610829,0.16028257,0,0.15852216,0,0,0,0,0,0,0,0.1743939,0,0,0.13412446,0.2685777,0.2053355,0.3642266,0.19792043,0.11870905,0.5358343,0.51512474,0.33960077,0.29401428,0.2446898,0.1334566,0.27163038,0.25228056,0.39120638,0,0.20390122,0.19319637,0.44548613,0.18101399,0.17045854,0.24594615,0.33034718,0.43616846,0.51946586,0.4782364,0.29324836,0,0,0,0.21710938,0.31305155,0.42208675,0.098964974,0.46104532,0.24662036,0,0.31865048,0.5170982,0.3746825,0,0.19972245,0,0.47879136,0.5188682,0,0,0.46094188,0.509059,0.5435721,0.4526289,0.19684589,0.18325709,0,0.13204812,0.21953768,0.15110826,0,0.16823234,0,0.38642335,0,0.13901775,0,0,0,0,0.15797824,0,0.26946753,0,0,0,0.31518522,0.12698673,0.22731888,0.2003489,0,0.4172658,0.4623859
Peg10,0.69731724,0.7443386,0.76842004,0.88280725,0.8204125,0.9028755,0.76275325,0.7513398,0.9144925,0.62164146,0.9048093,0.78075814,0.7536774,0.8742588,0.840547,0.9323638,0.7823037,0.71396,0.9182775,0.67949903,0.8025949,1,0.8917295,0.6442096,0.80732244,0.9045167,0.79056096,0.5886388,0.80181336,0.42173716,0.7568846,0.747317,0.8178688,0.80498135,0.7611429,0.8630567,0.6420176,0.69886225,0.5714903,0.7243302,0.81411123,0.66389036,0.71190846,0.5760484,0.7976484,0.5913502,0.7835925,0.9008842,0.73124087,0.7772674,0.7047683,0.63398004,0.8124375,0.7524682,0.9312428,0.76211584,0.6902184,0.79351074,0.7812029,0.71737975,0.84791917,0.73197836,0.88960177,0.43478924,0.661834,0.35366043,0.7818383,0.7701253,0.7481315,0.9337754,0.77297467,0.85498506,0.66408336,0.83754003,0.70385814,0.8472563,0.85600346,0.74106807,0.79276514,0.66810423,0.68814147,0.6429577,0.7196634,0.7213811,0.64837044,0.8238941,0.79551804,0.7037364,0.9091593,0.8845503,0.83227533,0.89592826,0.8594869,0.99758774,0.98559034,0.8808098,0.8692888,0.75256664,0.7690785,0.86106116,0.81229305,0.86773616,0.893066,0.87770635,0.7926533,0.60064113,0.85974944,0.8085913,0.54790074,0.8714453,0.5133092,0.52679855,0.653493,0.8540261,0.65998566,0.87345105,0.9192361,0.80042785,0.5837347,0.8630482,0.7624963,0.86293155,0.6797763,0.8938001,0.75729984,0.83443123,0.7447648,0.7327846,0.8236962,0.91521096,0.91781616,0.7517042,0.8665083,0.77927303,0.8332172,0.89577216,0.62378335,0.8061006,0.96237135,0.8057069,0.79665595,0.90244377,0.7122535,0.7960657,0.7847388,0.73202544,0.626572,0.7610031,0.888835,0.8473666,0.8852926,0.7098753,0.2116775,0.823663,0.55370104,0.7786467,0.4077975,0.8909214,0.70520777,0.50292397,0.7600862,0.859876,0.9503848,0.89485264,0.85292834,0.91421413,0.9113658,0.86030185,0.8417747,0.8924246,0.87389576,0.90986246,0.9175106,0.8540501,0.8935648
Lin28a,0.8245114,0.81962466,0.8943226,0.8825017,0.8181765,0.9078764,0.9197562,0.90197897,0.8637447,0.8883993,0.82116205,0.76416165,0.7515688,0.9161538,0.9016583,0.83831954,0.9200209,0.90935546,0.8551314,0.8612968,0.81962156,0.8245014,0.79368544,0.8547785,0.9244998,0.86067295,0.84395677,0.81524175,0.49276668,0.7692406,0.8699302,0.8714833,0.7932383,0.62374157,0.76046294,0.8042169,0.83241034,0.8366503,0.83721817,0.8598158,0.8480702,0.8604485,0.91000646,0.74148047,0.89741266,0.7827855,0.8284827,0.77099097,0.8926847,0.86639476,0.845235,0.73206526,0.8417726,0.86324525,0.8164032,0.75862384,0.86350495,0.83136094,0.8514641,0.83584315,0.8284237,0.8658286,0.76549107,0.81408364,0.87650424,0.8120398,0.825831,0.74237525,0.9051914,0.49867308,0.7676386,0.794729,0.8863789,0.78992105,0.9336015,0.8472563,0.9343906,0.7777021,0.88873,0.87087655,0.93915296,0.8427756,0.8998438,0.856886,0.8296593,0.8275762,0.816115,0.7590693,0.62319344,0.7573811,0.7472147,0.74066573,0.8670532,0.8302735,0.8177983,0.83237803,0.621362,0.8293276,0.80764484,0.8751677,0.8624436,0.8399636,0.8775649,0.87823766,0.8722659,0.9002938,0.7458968,0.8041035,0.9096252,0.8472813,0.803099,0.655216,0.9197089,0.7975787,0.92620796,0.6932032,0.89666027,0.8248721,0.7173321,0.8079279,0.79936236,0.8219355,0.8573203,0.8547801,0.91676974,0.89240205,0.8948427,0.8754789,0.854855,0.9077913,0.88279474,0.86508906,0.8852674,0.828659,0.8896876,0.89205873,0.88061905,0.7010032,0.8773245,0.90311277,0.7767967,0.9041651,0.7989354,0.8202202,0.8770336,0.9009896,0.80393004,0.85344654,0.8341711,0.788778,0.85112786,0.9070998,0.7595366,0.80193245,0.79643923,0.8742703,0.7308229,0.84755987,0.7744375,0.71680164,0.7813355,0.8219497,0.7748221,0.8864279,0.8488746,0.74090517,0.86654574,0.8436081,0.8525325,0.8767527,0.8821038,0.85394996,0.8798128,0.88789576,0.85035276
Jade1,0.76153785,0.7355408,0.75913113,0.745513,0.73480505,0.7031597,0.80462164,0.76659703,0.7934493,0.7143221,0.77789366,0.66469085,0.70640534,0.76254797,0.8001095,0.81567264,0.82586586,0.8464621,0.78938955,0.7734942,0.74710816,0.74661684,0.8650993,0.80320346,0.8459772,0.79660755,0.7858255,0.8011074,0.6905458,0.76543057,0.7922335,0.7992281,0.71163267,0.73633844,0.7618194,0.73251325,0.8016386,0.78294957,0.84524465,0.73934436,0.80617744,0.8311277,0.81124765,0.7226915,0.80676126,0.7827855,0.82062286,0.7532978,0.78907084,0.7676033,0.82998437,0.792429,0.8291648,0.7693136,0.7715904,0.8297683,0.8007038,0.82391566,0.81614995,0.72598755,0.779556,0.80229336,0.7258373,0.69411975,0.8245826,0.79667115,0.69268453,0.75264186,0.7929477,0.69566166,0.7990152,0.77616185,0.75871855,0.7560825,0.7787827,0.7851738,0.789768,0.7266448,0.7328506,0.7325149,0.80299556,0.7990501,0.814605,0.7606708,0.7986548,0.78074515,0.75209206,0.83359975,0.7041657,0.727242,0.77190447,0.7187803,0.84442115,0.8282496,0.78643656,0.6579915,0.736289,0.78735363,0.80764484,0.687373,0.8089606,0.7647256,0.82121,0.8260988,0.75607973,0.8298345,0.78718317,0.731312,0.6192894,0.7414835,0.7694985,0.8152635,0.77191263,0.7554613,0.7160227,0.6701403,0.7634505,0.77934796,0.80956805,0.77501065,0.76341313,0.73322904,0.7920181,0.77240264,0.8325471,0.8318595,0.8115865,0.7688076,0.81552523,0.7875406,0.7685047,0.7929851,0.7408447,0.7800675,0.74996406,0.81856686,0.7280765,0.79389215,0.71977586,0.77841324,0.77856636,0.83865076,0.6836169,0.80666316,0.7838522,0.80960935,0.74286395,0.74050754,0.7589185,0.7748968,0.80598867,0.7835965,0.7944169,0.734474,0.7685523,0.7439179,0.7982615,0.7713395,0.751559,0.7368931,0.76545656,0.688471,0.81879145,0.72103196,0.78827274,0.70763206,0.81713176,0.78374296,0.7629828,0.75266576,0.695387,0.73488384,0.7062242,0.76223177,0.7953307
Mdm2,0,0,0,0,0,0,0,0,0,0,0,0,0,0,0,0,0,0,0,0,0,0,0,0,0,0,0,0,0,0,0,0,0,0,0,0,0,0,0,0,0,0,0,0,0,0,0,0,0,0,0,0,0,0,0,0,0,0,0,0,0,0,0,0,0,0,0,0,0,0,0,0,0,0,0,0,0,0,0,0,0,0,0,0,0,0,0,0,0,0,0,0,0,0,0,0,0,0,0,0,0,0,0,0,0,0,0,0,0,0,0,0,0,0,0,0,0,0,0,0,0,0,0,0,0,0,0,0,0,0,0,0,0,0,0,0,0,0,0,0,0,0,0,0,0,0,0,0,0,0,0,0,0,0,0,0,0,0,0,0,0,0,0,0,0,0,0,0,0,0,0,0,0,0,0
Plk1,0.74771667,0.7534934,0.6525502,0.7102466,0.69109637,0.7031597,0.7226236,0.68462193,0.5147584,0.785187,0.7357138,0.73310375,0.7258402,0.7753154,0.7569143,0.5859818,0.71398133,0.74563783,0.61657745,0.8089273,0.78095615,0.37654784,0.71418005,0.585371,0.72360235,0.5502655,0.73657906,0.419162,0.49276668,0.6093868,0.7908108,0.7823869,0.7173373,0.6465856,0.62429297,0.67689604,0.79914826,0.7118412,0.7920536,0.68115926,0.6116074,0.59292525,0.63918984,0.62691194,0.5969306,0.66106987,0.6265628,0.638869,0.6570479,0.7783004,0.7974409,0.5414671,0.6397578,0.6667201,0.6848298,0.68605524,0.7463394,0.63639367,0.6115594,0.56004685,0.7557178,0.6246625,0.8093285,0.6118791,0.67784345,0.6522594,0.5490066,0.6411625,0.57108504,0.6898071,0.7227239,0.6199548,0.53486043,0.7700469,0.6163918,0.798,0.68689036,0.48404062,0.5129209,0.74112546,0.61947024,0.60094875,0.5151596,0.60084623,0.7504762,0.6981636,0.5950107,0.45105347,0.7480476,0.47497964,0.6834645,0.50553626,0.7120575,0.7131245,0.716798,0.7438646,0.55927825,0.74497676,0.74495095,0.77072495,0.7554832,0.7022684,0.7223347,0.6806453,0.66437846,0.59230334,0.74412715,0.71986276,0.61554676,0.6993841,0.5822378,0.6182407,0.5143403,0.77166826,0.6297703,0.68929535,0.76776135,0.72860867,0.65954787,0.6122511,0.71051663,0.7505313,0.70976275,0.651,0.75243616,0.7708988,0.6445947,0.6517373,0.74949104,0.64621276,0.5964694,0.71594834,0.66049653,0.61383504,0.7110276,0.70534337,0.7709621,0.7645363,0.54735565,0.6461356,0.78117865,0.74083483,0.5709408,0.6703374,0.6645042,0.7088243,0.6420522,0.7185076,0.6689156,0.7164817,0.65257996,0.7463154,0.7421701,0.717175,0.75022995,0.53537655,0.5048101,0.59905034,0.48067254,0.5499321,0.4602137,0.61457795,0.6965541,0.62931937,0.54516226,0.70763206,0.7142851,0.6228766,0.53454727,0.6231529,0.53903747,0.7033803,0.76733303,0.69513994,0.5809344
Aebp2,0.6837254,0.62301254,0.6781758,0.70007885,0.6294113,0.63124776,0.62656,0.68462193,0.6666184,0.6781911,0.66778696,0.6414632,0.69221133,0.62797934,0.6572211,0.68076533,0.7014562,0.72424996,0.73347235,0.65333223,0.6504174,0.5612254,0.6751242,0.6149374,0.65056187,0.67226785,0.64679193,0.6487143,0.81223565,0.76413643,0.67007315,0.674043,0.6824697,0.7181254,0.6872187,0.6524466,0.62720704,0.6942441,0.63904124,0.70134646,0.65652806,0.55410403,0.6667627,0.7121738,0.65487415,0.6467708,0.715778,0.71073663,0.6977859,0.6576926,0.6786497,0.6525126,0.6513988,0.6636202,0.6474834,0.65132546,0.67098963,0.67484033,0.6538953,0.69575846,0.77897906,0.70333576,0.6336062,0.6882104,0.65124536,0.69008476,0.657008,0.69614995,0.6824351,0.68576187,0.70359915,0.6594629,0.6683789,0.6805641,0.6615104,0.6488639,0.6205009,0.5228694,0.6736886,0.62122524,0.68373084,0.68017805,0.67665917,0.640834,0.575056,0.6334478,0.5347491,0.552829,0.6016196,0.77568567,0.6740907,0.7792861,0.6409531,0.5465312,0.5877001,0.5453508,0.69080967,0.6593584,0.74495095,0.5900535,0.643933,0.609566,0.6015552,0.65147716,0.6337611,0.6913677,0.63058484,0.6951149,0.7188663,0.63560927,0.771546,0.70793504,0.66920435,0.7482412,0.65998566,0.42592505,0.57829374,0.6645279,0.65711564,0.6031121,0.66266805,0.6457443,0.63394034,0.5978896,0.69288826,0.6967351,0.6369052,0.6659447,0.62694347,0.5900865,0.6307116,0.75853205,0.5891425,0.65796185,0.65860194,0.5855325,0.65425366,0.65290076,0.6232291,0.54609036,0.71048427,0.61337644,0.67956007,0.7133234,0.6026226,0.57237667,0.49303335,0.7610031,0.6489399,0.65637726,0.65036565,0.74183744,0.71101606,0.6344785,0.65942985,0.6445543,0.7855648,0.6044378,0.75920516,0.75533015,0.7462542,0.671757,0.6922247,0.6477173,0.7355181,0.6242505,0.5980739,0.5358,0.6300048,0.6479024,0.636711,0.57966197,0.5777497,0.6371161,0.6157395
Tbx3,0,0.19563198,0,0,0.31255272,0.23508143,0,0.174645,0,0,0,0,0,0,0,0,0,0,0,0,0,0.30872315,0,0,0,0,0.39490765,0,0.4161459,0,0,0.20777413,0,0.23713794,0.39841506,0,0,0.40872326,0.18299393,0.5093074,0.2693458,0,0.28209817,0,0,0,0.3306942,0,0.19974251,0,0,0,0,0,0.17497534,0,0,0.30456272,0.16322432,0,0,0.24645849,0.20022841,0.16454121,0,0,0.35142756,0,0,0.3810874,0.15466997,0.18981631,0,0.23454939,0.16705416,0,0,0,0.23513901,0,0,0,0.16028257,0,0,0.14826055,0,0,0.40569842,0.42165002,0.37331182,0.4259949,0,0.25982156,0.30768612,0,0.55927825,0.13839045,0,0,0,0,0.12651505,0.40039814,0.21662772,0,0.1334566,0.59229404,0,0.13579416,0.41602892,0.20390122,0,0.50927335,0,0,0,0,0,0,0,0,0,0,0,0,0,0.17653644,0,0,0,0.23323695,0.19491473,0,0.3121326,0,0,0,0,0,0,0,0.2424017,0.2195925,0,0,0,0.4333228,0,0,0,0,0,0,0,0.23553632,0,0,0,0.2591411,0.1587421,0.12672025,0.6427487,0,0.50526744,0.474898,0,0,0.23398751,0.1912617,0,0,0.11807869,0,0.2678341
Dnmt3a,0.6671449,0.6847959,0.6920295,0.57690865,0.5503389,0.71261805,0.52219456,0.76394635,0.6091773,0.63369864,0.614865,0.4170735,0.4357989,0.5835893,0.54557407,0.609756,0.59263414,0.6100113,0.67240185,0.4415586,0.519917,0.5153157,0.6371574,0.4491824,0.57779217,0.6507296,0.61757094,0.46824336,0.20679888,0.62475014,0.54144835,0.6057714,0.4181828,0.36827573,0.4936608,0.5734943,0.6179551,0.5736208,0.7327313,0.6088184,0.55926245,0.73039573,0.6254246,0.4268888,0.6115942,0.4873416,0.58244544,0.5469754,0.6094416,0.6695481,0.7409071,0.3391957,0.37284297,0.58520734,0.5713683,0.5737521,0.64153475,0.5873976,0.6004823,0.6168719,0.40833354,0.53845435,0.43223533,0.5709592,0.79332757,0.42978433,0.78046626,0.56100905,0.63301146,0.39847127,0.5350891,0.66773134,0.67254096,0.5204356,0.63754517,0.6327506,0.7269137,0.57109034,0.55161357,0.710843,0.6619583,0.5488031,0.42152932,0.55371624,0.5419298,0.57819617,0.7210887,0.60882473,0.393203,0.51869833,0.52185565,0.4550902,0.41994548,0.72210777,0.67132163,0.55642873,0.49232188,0.51103187,0.67908305,0.41964605,0.7434219,0.59387165,0.66320723,0.7755022,0.49248466,0.80015445,0.30229202,0.5383055,0.8124498,0.5459585,0.6637379,0.57374173,0.8321127,0.5267036,0.8190965,0.5157551,0.45561886,0.70712674,0.47963038,0.6627203,0.43534106,0.39277834,0.64351404,0.54172385,0.73946166,0.77388895,0.56523323,0.5556452,0.36939448,0.51059276,0.48073992,0.5212921,0.57238203,0.70840824,0.50594574,0.6084968,0.62378335,0.5215423,0.82765865,0.6595969,0.63272476,0.6318036,0.6894786,0.6722011,0.6026226,0.6425487,0.47243348,0.52574974,0.71152306,0.39801005,0.7489163,0.76480764,0.48676372,0.24018776,0.5327708,0.75377196,0.47229734,0.39530233,0.6250236,0.5090352,0.5751194,0.58771557,0.4205654,0.6442271,0.5615722,0.5296288,0.47555354,0.6024299,0.7629828,0.4872995,0.70283854,0.7162154,0.78478223,0.44935396,0.84528846
Esrrb,0.2653952,0.7561247,0.57329243,0.2316681,0.7623058,0.28121674,0.69177246,0.6431097,0.48115388,0.115207106,0.68716204,0.44519258,0.4357989,0.62797934,0.645104,0.5402803,0.4912482,0.4376219,0.5201868,0,0.25098202,0,0.50821036,0.5071266,0.51440257,0.35952494,0.7205512,0.39730144,0.5485072,0.741552,0.60453296,0.61708534,0.5620858,0.76597357,0.73586434,0.69308895,0.7259476,0.6684479,0.5775687,0.72564626,0.6253898,0.64788437,0.65561974,0.44013587,0.5916687,0.4721447,0.572603,0.62901014,0.5986659,0.44113946,0.60118634,0.48195842,0.64570194,0.56732744,0.66475534,0.19148298,0.5298166,0.55404013,0.6282288,0.5093832,0.6749959,0.67461085,0.27712864,0.7219107,0.5808482,0.7816535,0.7075521,0.78645205,0.56299746,0.8365681,0.65648335,0.58989656,0.49520403,0.6938075,0.72453964,0.41175336,0,0.35982862,0.6641194,0.21380274,0.76849407,0.5906352,0.70281965,0.60785085,0.43944153,0.261024,0.3608593,0.46572235,0.85002315,0.7804949,0.7004586,0.7640583,0.6163322,0.6496642,0.6555019,0.13412446,0.83555394,0.70819503,0.45656413,0.24159376,0.62208056,0.66537595,0.6992506,0.6459611,0.21662772,0.41419572,0.59513706,0.7974304,0.36236125,0.60601896,0.44191295,0.7238901,0,0.7297638,0,0.5359494,0.2795751,0.76636946,0.6915419,0.4999555,0.7196259,0.4952024,0.64351404,0.51401746,0.31334946,0.45943424,0.6695056,0.58305675,0.5068793,0.33119386,0.43253437,0.6990852,0.31865048,0.7110913,0.26455352,0.3995073,0.5559408,0.3356894,0.64806193,0.71775204,0.50817084,0.20199856,0.6987067,0.6387416,0.67488045,0.6919699,0.6050736,0.7088412,0.5905476,0.6440303,0.6922573,0.15110826,0.7325659,0.66955507,0.632896,0.6007351,0.7870353,0.33165693,0.7949914,0.7706907,0.76960444,0.6044499,0.7748221,0.49399754,0.67362803,0.474898,0.7030457,0.62662685,0.60380626,0.5178472,0.8308681,0.73680645,0.6722808,0.69513994,0.7311525
Myh9,0,0,0,0,0,0,0,0,0,0,0,0,0,0,0,0,0,0,0,0,0,0,0,0,0,0,0,0,0,0,0,0,0,0,0,0,0,0,0,0,0,0,0,0,0,0,0,0,0,0,0,0,0,0,0,0,0,0,0,0,0,0,0,0,0,0,0,0,0,0,0,0,0,0,0,0,0,0,0,0,0,0,0,0,0,0,0,0,0,0,0,0,0,0,0,0,0,0,0,0,0,0,0,0,0,0,0,0,0,0,0,0,0,0,0,0,0,0,0,0,0,0,0,0,0,0,0,0,0,0,0,0,0,0,0,0,0,0,0,0,0,0,0,0,0,0,0,0,0,0,0,0,0,0,0,0,0,0,0,0,0,0,0,0,0,0,0,0,0,0,0,0,0,0,0
Otx2,0.6996477,0.23975454,0.6068156,0.6477688,0.23116429,0.6225534,0.16976206,0.7066314,0,0.71249896,0.6114248,0.7033174,0.71647954,0.13858396,0.41783044,0,0.50544274,0.49159244,0,0.48320967,0.71158785,0,0.5658845,0.1874262,0.39323375,0.27673292,0.27195403,0.2157696,0.20679888,0.17647332,0.5116791,0.5287182,0.22360697,0.38154197,0.64337295,0.37692377,0.6316064,0,0.7457343,0.29572064,0.57274485,0.68700427,0,0.1748403,0.3158129,0.22049128,0.70853406,0.6450609,0,0.5138563,0.42326164,0.42236263,0.5699761,0.26638532,0.6871432,0.71454835,0.5966756,0.69838476,0.6430797,0.7128629,0.29291126,0.6951243,0.44112006,0.28365597,0.6716624,0.16893628,0.65356904,0,0.26144204,0.22809038,0.5899213,0.34668645,0.33889946,0.6184493,0.16705416,0.555117,0.683946,0,0.31735444,0.64457875,0.23170371,0,0.50735825,0,0.15852216,0.4579959,0.25340793,0.20874433,0.478446,0.35236114,0,0,0.1743939,0.5741153,0.52694744,0,0.49232188,0.35172483,0.7690785,0,0.6579154,0.27589113,0.12651505,0.6692248,0.4790749,0.6194773,0.35994387,0.23802388,0.56553787,0.24583606,0.36449566,0.5922041,0.631838,0.46599492,0.49299082,0.6504507,0,0.67190415,0.4969986,0.6031121,0,0,0.4549666,0.40558997,0.65320677,0.71894604,0.39879006,0.63586944,0.098964974,0.54031986,0.6404435,0.1249842,0.5992454,0.38125387,0.52327096,0,0.7452529,0.69584316,0.7138695,0.1508059,0.70607454,0,0.35046458,0,0,0,0,0,0.6987628,0.13204812,0.5226238,0.7098753,0,0.5114265,0.5801466,0.64185554,0,0,0,0,0,0,0,0.41121826,0.52660906,0.6944949,0.5099878,0,0.6834191,0.1912617,0.61111677,0.55978674,0.36916754,0.54617417,0.7628455
Eef2,1,1,1,1,1,1,1,1,1,1,1,1,1,1,1,1,1,1,1,1,1,0.97152627,1,1,1,1,1,1,1,1,1,1,1,1,1,0.9912242,1,0.98925877,1,1,0.9915288,1,1,1,1,1,1,0.96947527,1,1,1,1,1,1,0.981229,1,1,1,1,1,1,1,1,1,1,1,1,1,1,1,1,1,1,1,1,1,1,1,1,1,0.98855263,1,1,1,1,1,1,1,1,1,1,1,1,1,1,1,1,1,1,1,0.9969733,1,1,0.9906246,1,1,1,0.99512994,1,1,0.9937181,1,1,1,1,1,1,1,1,1,1,1,1,1,1,1,1,1,1,0.9967727,1,1,1,1,1,1,1,1,1,1,1,1,1,1,1,1,1,1,1,1,1,0.99416864,1,1,1,0.9963216,1,1,1,1,1,0.99097705,0.9935904,1,1,0.9512167,1,1,0.9729408,1,0.9961133,1,1,1,0.96137565
Ctgf,0.7219543,0.7489925,0.68665725,0.8113724,0.6832407,0.38440862,0.7665654,0.69385415,0.6352414,0.7029935,0.614865,0.5337122,0.5777614,0.85944813,0.8844303,0.7202677,0.71398133,0.6928346,0.6052149,0.19238172,0.5890348,0.79492706,0.6945592,0.5348247,0.82335436,0.61214113,0.8306844,0.5033638,0.6301205,0.73844516,0.63904524,0.6666765,0.5431279,0.2698721,0.516121,0.8336182,0.7062448,0.6942441,0.6870325,0.78691316,0.77337044,0.64788437,0.71694034,0.617559,0.70501965,0.49433312,0.4707025,0.60681194,0.7490887,0.59626544,0.6747647,0.36564562,0.75212705,0.8370732,0.65639293,0.77953285,0.35808334,0.5181019,0.73552054,0.6668639,0.47005644,0.7219296,0.7023575,0.47887757,0.7051493,0.581798,0.5820406,0.5781349,0.877154,0.5136784,0.7893567,0.34668645,0.8335511,0.67856073,0.76250494,0.6538325,0.60538644,0.5652202,0.62078583,0.8447401,0.86398965,0.6689136,0.48095173,0.8286218,0.61815405,0.7174265,0.4588056,0.3930896,0.7055534,0.6631567,0.68526363,0.5276976,0.8233205,0.9741336,0.9203116,0.71916986,0.58331865,0.5684728,0.45656413,0.654363,0.5271435,0.62362206,0.6237771,0.7787911,0.59367716,0.7069476,0.79410857,0.7776308,0.45079705,0.7931061,0.95850146,0.4952374,0.75579405,0.7546774,0.7034719,0.89968246,0.7287549,0.6747461,0.62383884,0.6943193,0.74059236,0.6436309,0.7389316,0.7154719,0.430067,0.5833483,0.8485374,0.36181226,0.7573098,0.76259494,0.72078246,0.5165635,0.5386691,0.3961185,0.53115183,0.33580965,0.5559408,0.4582009,0.7343884,0.9175596,0.2150914,0.5058979,0.35046458,0.6456841,0.8715794,0.87260175,0.5333512,0.6691359,0.767218,0.2409802,0.7254707,0.38624358,0.29016167,0.87375957,0.59770936,0.7725872,0.5310472,0.85822326,0.54104185,0.5204829,0.49543533,0.73938435,0.80460316,0.6406472,0.88339096,0.91421413,0.7817314,0.7218041,0.7892245,0.8799111,0.67916363,0.69320863,0.683237,0.7099512,0.49570847
Stmn2,0.4726946,0.62301254,0.19606315,0.57690865,0.45284405,0.69645846,0.49780318,0.48519552,0.20645659,0.4975354,0.3117762,0,0.47549787,0.59688854,0.3516944,0.51013607,0.59263414,0.61374456,0.5201868,0.53677285,0.43958363,0.60779405,0.14440416,0.33884996,0.5531366,0.38711834,0.5233217,0,0,0.4044783,0.20427024,0.20777413,0.5481233,0.33700922,0.54903287,0.55782515,0.41436502,0.63167536,0.65354294,0.64148796,0.4439703,0.5596021,0.45778832,0.44013587,0.53200793,0.47996074,0.6542827,0.60681194,0.4348217,0.5611511,0.48910928,0.18760629,0.5171697,0.653872,0.5197979,0.5872791,0.5524315,0.63639367,0.6218035,0.6301423,0.59283024,0.71294963,0.5819152,0.43478924,0.5981187,0.56091917,0.37987074,0.55155224,0.65996486,0.15649235,0.37187538,0,0.6573706,0.41671786,0.57702196,0.47984955,0.568869,0.2038689,0.57718,0.48153523,0.64530015,0.5794337,0.5295691,0.48813784,0.15852216,0.29435185,0.29977426,0.20874433,0.3275881,0.48214808,0.48790738,0.50553626,0.5193974,0.58023864,0.6257051,0.69646794,0.2685777,0.59158033,0.62926084,0.7377404,0.67362446,0.43171632,0.6015552,0.55357075,0.62937444,0.45546025,0.6635586,0.614323,0.2996883,0.41441327,0.44191295,0.41685337,0.50460696,0.66932243,0.5287694,0.6141054,0.8053826,0.6761451,0.4226656,0.44896176,0.5418408,0.60709065,0.46398115,0.5466307,0.46457127,0.49313512,0.6445947,0.577999,0.7221943,0.54031986,0.53786457,0.403954,0.63337183,0.40949222,0.6053479,0.57237226,0.66905236,0.42396066,0.5720063,0.56875074,0.36445493,0.5518884,0.46094188,0.61260146,0.6156335,0.53158504,0.2702503,0.44887775,0.52828723,0.5281391,0.5041712,0.3499849,0.3585642,0.24018776,0.48355487,0.6043841,0.38193437,0.6240452,0.40710798,0.37822324,0.43843424,0.63069284,0.6262427,0.70138955,0.7643274,0.474898,0.5710684,0.59332305,0.6300048,0.6053093,0.48125377,0.42320985,0.3814455,0.59695965,0
Myc,0.47877964,0.57380724,0.62089926,0.41983664,0.6891745,0.70478356,0.24332727,0.6183789,0.20645659,0.5260022,0.27689254,0.25092646,0,0.454795,0.5603763,0.2787756,0.5604009,0.42373392,0.6201632,0.548327,0.47904077,0.6531833,0.14440416,0.25972065,0.5051499,0.324548,0.58873045,0.2157696,0.4672459,0.45080337,0.558203,0.6057714,0.574736,0.29616326,0.25396118,0.5658868,0.51563925,0.40872326,0,0.5027941,0.67291397,0.4819472,0.77773243,0.35411865,0.6707561,0,0.50841683,0.6255561,0.75455374,0.55605626,0.2937858,0.36564562,0.64570194,0.26638532,0.66475534,0.5898266,0.61770487,0.56020546,0.23539151,0.2711578,0.29291126,0.5735965,0.75185364,0.2367652,0.27086198,0.45629323,0.65356904,0.7119061,0.50704527,0.5395468,0.40346316,0.47376972,0.48728392,0.49913394,0.750001,0.4463139,0.568869,0.386785,0.6455796,0.14567293,0.700596,0.46984696,0.68137264,0.53126436,0.3727647,0.37855938,0.40224186,0.36598095,0.6418633,0.68697006,0.5333562,0.49938014,0.38278142,0.6567789,0.61713547,0.7170661,0.40295655,0.35172483,0.7614855,0.70125306,0.60123736,0.5314986,0.70944315,0.57387054,0.6537213,0.3970643,0.40013438,0.29868126,0.6036486,0.5610333,0.23350568,0.3299091,0.42409313,0.18010116,0.68217736,0.71776086,0.79111767,0.45122725,0.4226656,0.70333916,0.4626546,0.6393005,0.5082103,0.30587533,0.41631493,0.5833483,0.5781518,0.5132153,0.49944207,0.33119386,0.41723737,0.5165635,0.6130902,0.61383504,0.67763114,0.68016547,0.5390076,0.30822316,0.6447773,0.67757314,0.14608787,0.6360417,0.42415154,0.60968393,0.5487643,0.4725879,0.3163376,0.5453259,0.44270217,0.58740693,0.53885543,0.38624358,0,0.16823234,0.6174425,0.7186946,0.28128836,0.71360993,0.57348526,0.39316365,0.6307521,0.5753174,0.61149734,0.6212207,0.67362803,0.80951107,0.62073845,0.6228766,0.72460204,0.6351412,0.6679674,0.582706,0.5141876,0.5711632,0.67270863
Nes,0,0,0,0,0,0,0,0,0,0,0,0,0,0,0,0,0,0,0,0,0,0,0,0,0,0,0,0,0,0,0,0,0,0,0,0,0,0,0,0,0,0,0,0,0,0,0,0,0,0,0,0,0,0,0,0,0,0,0,0,0,0,0,0,0,0,0,0,0,0,0,0,0,0,0,0,0,0,0,0,0,0,0,0,0,0,0,0,0,0,0,0,0,0,0,0,0,0,0,0,0,0,0,0,0,0,0,0,0,0,0,0,0,0,0,0,0,0,0,0,0,0,0,0,0,0,0,0,0,0,0,0,0,0,0,0,0,0,0,0,0,0,0,0,0,0,0,0,0,0,0,0,0,0,0,0,0,0,0,0,0,0,0,0,0,0,0,0,0,0,0,0,0,0,0
Pou5f1,0,0,0,0,0,0,0,0,0,0,0,0,0,0,0,0,0,0,0,0,0,0,0,0,0,0,0,0,0,0,0,0,0,0,0,0,0,0,0,0,0,0,0,0,0,0,0,0,0,0,0,0,0,0,0,0,0,0,0,0,0,0,0,0,0,0,0,0,0,0,0,0,0,0,0,0,0,0,0,0,0,0,0,0,0,0,0,0,0,0,0,0,0,0,0,0,0,0,0,0,0,0,0,0,0,0,0,0,0,0,0,0,0,0,0,0,0,0,0,0,0,0,0,0,0,0,0,0,0,0,0,0,0,0,0,0,0,0,0,0,0,0,0,0,0,0,0,0,0,0,0,0,0,0,0,0,0,0,0,0,0,0,0,0,0,0,0,0,0,0,0,0,0,0,0
Lin28b,0.45259365,0.19563198,0.4991304,0.41025293,0.31255272,0.5373917,0.48860276,0.50427246,0.43584135,0.5145303,0.44147143,0.48797777,0.49900016,0.5386087,0.5347436,0.4984253,0.38382226,0.31967336,0.51259315,0.45691225,0.519917,0.4805231,0.29141578,0.4219237,0.4845368,0.4099086,0.39490765,0.43775395,0.2831319,0,0.5322294,0.53868353,0.4521239,0.35355163,0.30177638,0.40539828,0.55127007,0.2602661,0.41714466,0.29572064,0.54430574,0.50783396,0.5222445,0.4631699,0.5549298,0.42416766,0.44696546,0.54054046,0.505902,0.57539093,0.5907711,0,0.4204076,0.35063952,0.56018883,0.5042459,0.5415864,0.5475791,0.5254524,0.48721623,0.47546855,0.55120236,0.5478979,0.40587127,0.574571,0.3255615,0.4034112,0,0.486697,0.47259182,0.49235037,0.34668645,0.4263734,0.5137042,0.50590926,0.54082364,0.5080754,0.40903032,0.5201747,0.583118,0.49715322,0.2816198,0.50735825,0,0.59530455,0.54742974,0.38319147,0.41545212,0.4635131,0.45089895,0,0.3738887,0.40262526,0.43646944,0.5182063,0.5152326,0.3519808,0.55324715,0.67908305,0.5406751,0.48813102,0.50207055,0.33755362,0.49290735,0.49248466,0.56366813,0.43991128,0.12807314,0.52007383,0.49279422,0.46361178,0.3936382,0.44131872,0.117529936,0.56932414,0.42592505,0.5563595,0.5392196,0.4226656,0.55138606,0.41353413,0.52938616,0.5364734,0.50770414,0.52838296,0.427383,0.49551177,0.5615877,0.4743581,0.5701728,0.5162463,0.33476806,0.5386691,0.32305047,0.5647595,0.512207,0.5089277,0.5598775,0.525453,0.49231192,0.50817084,0.5164379,0.2424017,0.36757907,0.49273196,0.52548546,0.5583128,0.22638412,0.46129215,0.555773,0.4827921,0.3693291,0.33938912,0.46923313,0.5125335,0.53537655,0.3668971,0.5080432,0.48067254,0.41883165,0.42607054,0.48156282,0.27872077,0.483189,0.60180205,0.5296288,0.45457587,0.46224242,0.57128364,0.4027457,0.48125377,0.47899118,0.5141876,0.59695965,0.5448576
Sox2,0.85543317,0.8380032,0.8509215,0.8055673,0.8554258,0.8499257,0.8931418,0.8744713,0.7439602,0.88151425,0.86601055,0.845515,0.8021651,0.79326135,0.79421574,0.9253122,0.90427667,0.8811996,0.888878,0.86560595,0.8147377,0.6614404,0.80938756,0.6722088,0.9116844,0.71943986,0.8969222,0.5531575,0.93713486,0.8982491,0.8167752,0.7992281,0.8236994,0.88239986,0.9078079,0.82923406,0.8195279,0.79831606,0.8227157,0.8593234,0.8766595,0.87682706,0.877608,0.82525146,0.87131315,0.7873455,0.82062286,0.88765675,0.89333105,0.83688813,0.89796615,0.3875042,0.83801544,0.87498635,0.91800684,0.811126,0.7835483,0.85150594,0.8620242,0.9253669,0.8716057,0.89362127,0.8082244,0.90313315,0.8429579,0.91690016,0.9087077,0.92076796,0.87341404,0.9443204,0.85159147,0.67296875,0.83957994,0.857019,0.8995535,0.7756692,0.8686786,0.5590671,0.87923396,0.8423133,0.8983418,0.77878714,0.86826456,0.82671505,0.72333974,0.83994704,0.5867152,0.51179194,0.9287604,0.90721405,0.8755852,0.8537608,0.8742218,0.8892512,0.87284034,0.77119845,0.9460605,0.8478686,0.95655406,0.7330988,0.83028734,0.77950555,0.88501525,0.873929,0.7491439,0.7141114,0.86918896,0.84932345,0.6489698,0.7819444,0.70937836,0.89293647,0.70077384,0.8037762,0.8062962,0.8108667,0.80919987,0.87911004,0.91608894,0.7686049,0.8977111,0.74367696,0.8534648,0.7824813,0.79286057,0.8325069,0.7908907,0.85694826,0.81552523,0.79286206,0.83915627,0.8768789,0.8239696,0.8848682,0.85281765,0.6280785,0.87755984,0.7921782,0.88449126,0.78534687,0.82317615,0.67238814,0.8797804,0.7561133,0.7350806,0.7842524,0.6995387,0.9058833,0.8620672,0.8328102,0.86319417,0.7827587,0.8497287,0.8263999,0.82058823,0.87810034,0.91641754,0.6450888,0.93482757,0.9040336,0.87155783,0.8912734,0.8709209,0.8930897,0.8716264,0.9054624,0.86407125,0.9083433,0.87999475,0.7727235,0.90627134,0.86577153,0.8388442,0.81134,0.9137455
Zscan4c,0,0,0,0,0,0,0,0,0,0,0,0,0,0,0,0,0,0,0,0,0,0,0,0,0,0,0,0,0,0,0,0,0,0,0,0,0,0,0,0,0,0,0,0,0,0,0,0,0,0,0,0,0,0,0,0,0,0,0,0,0,0,0,0,0,0,0,0,0,0,0,0,0,0,0,0,0,0,0,0,0,0,0,0,0,0,0,0,0,0,0,0,0,0,0,0,0,0,0,0,0,0,0,0,0,0,0,0,0,0,0,0,0,0,0,0,0,0,0,0,0,0,0,0,0,0,0,0,0,0,0,0,0,0,0,0,0,0,0,0,0,0,0,0,0,0,0,0,0,0,0,0,0,0,0,0,0,0,0,0,0,0,0,0,0,0,0,0,0,0,0,0,0,0,0
Cenpa,0,0,0,0,0,0,0,0,0,0,0,0,0,0,0,0,0,0,0,0,0,0,0,0,0,0,0,0,0,0,0,0,0,0,0,0,0,0,0,0,0,0,0,0,0,0,0,0,0,0,0,0,0,0,0,0,0,0,0,0,0,0,0,0,0,0,0,0,0,0,0,0,0,0,0,0,0,0,0,0,0,0,0,0,0,0,0,0,0,0,0,0,0,0,0,0,0,0,0,0,0,0,0,0,0,0,0,0,0,0,0,0,0,0,0,0,0,0,0,0,0,0,0,0,0,0,0,0,0,0,0,0,0,0,0,0,0,0,0,0,0,0,0,0,0,0,0,0,0,0,0,0,0,0,0,0,0,0,0,0,0,0,0,0,0,0,0,0,0,0,0,0,0,0,0
Nodal,0.81054986,0.615944,0.6295338,0.7046922,0.6515191,0.6225534,0.67078376,0.67976165,0.36600265,0.7526709,0.72697914,0.6623044,0.7002841,0.5835893,0.6954778,0.8956282,0.7616399,0.7702012,0.7624364,0.75875056,0.66976345,0.61932725,0.65647453,0.4491824,0.57203025,0.61655194,0.7896268,0.5461212,0.755395,0.6210692,0.65544033,0.6628396,0.77080256,0.8117899,0.708813,0.69460636,0.64400715,0.6776034,0.77590233,0.59926856,0.7361065,0.74646264,0.7417213,0.8259074,0.7800634,0.85847455,0.67002726,0.6795563,0.7665124,0.7406489,0.7916164,0.47208017,0.89200926,0.8001097,0.6443792,0.8238403,0.8524712,0.65844506,0.85566854,0.8413172,0.773674,0.5882657,0.47839686,0.8262644,0.79717404,0.8111279,0.7596572,0.69945234,0.59932846,0.69943154,0.81197757,0.6942577,0.6428441,0.67446184,0.6044682,0.6868253,0.6809359,0.6402561,0.7429827,0.61602294,0.6744695,0.6135406,0.814605,0.4366438,0.389131,0.7221216,0.64174974,0.5944375,0.56513065,0.6248,0.63099647,0.6150806,0.6914717,0.6635494,0.67132163,0.7746825,0.66359687,0.59158033,0.83789897,0.5900535,0.80669385,0.7083365,0.5874703,0.69520676,0.6999791,0.7305155,0.7329889,0.81232613,0.79863644,0.690197,0.7674194,0.7456554,0.70762974,0.81640404,0.8010351,0.4919558,0.65988785,0.7037608,0.5959192,0.55138606,0.7661274,0.7456716,0.69481117,0.50770414,0.70739776,0.7144771,0.4608049,0.5556452,0.83003783,0.69470525,0.6711346,0.8083176,0.5891425,0.65189326,0.5586856,0.70014507,0.5710202,0.74525976,0.48947582,0.45925617,0.89122486,0.7570656,0.7039502,0.7346859,0.37806922,0.5430077,0.43340048,0.7705653,0.70024186,0.81545407,0.6784808,0.47582436,0.7850189,0.6627783,0.89223635,0.62748593,0.6422723,0.7300318,0.6744043,0.7129222,0.624927,0.79755837,0.6965541,0.771663,0.8662705,1,0.89629865,0.80568576,0.6834191,0.8124997,0.8082155,0.47899118,0.6210911,0.51536554,0.7553077
Auts2,0.3490536,0.38687566,0.38546947,0,0.41524902,0.38440862,0.50642484,0.47455874,0.4527472,0.45533603,0.23003171,0.38121173,0.31034026,0.454795,0.41783044,0.41775668,0.34683368,0.16420041,0.47709638,0.3172589,0.40873408,0.15996838,0.36012655,0.38710448,0.51440257,0.35952494,0.27195403,0.2905978,0,0.4852767,0.4404872,0.2869234,0.3727005,0.41491586,0.33704627,0.4663464,0.39093223,0.40872326,0.37312147,0.48875675,0.5182741,0.3479855,0.45778832,0.4268888,0.48232198,0.34823632,0.4010075,0.36145577,0.49434924,0.4908627,0.5033397,0.3056985,0.44764754,0.46880752,0.36011374,0.45883757,0.4924196,0.39071018,0.4780707,0.47461453,0.43922982,0.40019172,0.34461984,0.34610677,0.40806472,0.37698337,0.5152915,0,0.3814265,0.44043207,0.48494634,0.39690015,0.33889946,0.4641617,0.49719626,0.3783701,0.28126556,0.32561454,0.45885798,0.4393486,0.45821935,0.2816198,0.42152932,0.1716736,0.44946373,0.39327207,0.41885263,0,0.478446,0.4103223,0.22401643,0.14169598,0.1743939,0.18310738,0.30768612,0.37440863,0.46861273,0.43071818,0.62926084,0.3008258,0.4160276,0.302443,0.35451564,0.22916222,0.34225202,0.52012837,0.3747197,0.3213213,0.53470725,0.36311665,0.46361178,0.20390122,0.42409313,0.18010116,0.5364204,0.28972888,0.4636426,0.36182696,0.37131658,0.39067176,0.40116978,0.34223413,0.48038536,0.2267207,0.36409718,0.46865845,0.5457906,0.33383548,0.2921369,0.51059276,0.4462817,0.44178486,0.40452552,0.34539163,0.4747891,0.3995073,0.32772258,0.37806594,0.4076396,0.41545197,0.396686,0.20199856,0.2888687,0.48888108,0.4101053,0.4978534,0.2702503,0.41578346,0.2611072,0.37261888,0.21953768,0.3499849,0.4036807,0.40707716,0.27654335,0.3441197,0.4295308,0.28299463,0.40710798,0.49652168,0.4699155,0.4937784,0.4595096,0.42889565,0.60180205,0.3831942,0.36215574,0.35888827,0.45471182,0.29376498,0.41324314,0.4129464,0.4599233,0.44935396,0.4715083
Clu,0.53607076,0.39918676,0,0.44509277,0.15962781,0.65198696,0,0.2489899,0.5147584,0.39354002,0.38246742,0.5128326,0.44689557,0.42524844,0.47156256,0.48562935,0.55578846,0.52336305,0.39640892,0.4890561,0.40873408,0.8019489,0.31839123,0.33884996,0.30559203,0.4462327,0.3346166,0.2905978,0.20679888,0.5824894,0.20427024,0.42593268,0.4181828,0.19374126,0.11745093,0.49563172,0.32668048,0.45239902,0.41714466,0.52147216,0.4595001,0.3479855,0.42008314,0.1748403,0.42312118,0.2655952,0.3306942,0.25144473,0.5356372,0.27670008,0.21329932,0.3056985,0.23929343,0.51328224,0.40315115,0.41037217,0,0.339753,0.5038102,0.44526097,0.40833354,0.35720584,0.7385468,0.28365597,0.3199242,0.42978433,0,0,0.5961037,0.3810874,0.54989594,0.44813582,0.5699052,0.31528482,0.28851986,0.46074688,0.58836055,0.2787344,0.44734776,0.56105196,0.27924642,0.49450073,0.38827497,0.5041453,0.27246925,0.14826055,0.40224186,0.4344854,0.3471153,0.3843907,0,0.4635499,0.24849124,0.4664692,0.5877001,0.6596337,0.40295655,0.2053355,0.3642266,0.6626124,0.22512883,0.56626093,0.33755362,0.49290735,0.56045437,0.2446898,0.46352145,0.55486745,0.33465055,0.51464343,0.36449566,0,0,0.5857614,0.44438484,0.32429203,0.6883911,0.26296094,0.240235,0.46371925,0.37247604,0.6853516,0.21738343,0.40558997,0.36409718,0.41480893,0.38196987,0.29856646,0.32296944,0.6607397,0.5964694,0.46460447,0.53076243,0.2625571,0.5915431,0.60311615,0.19972245,0.37806594,0.30024606,0.3503416,0.14608787,0.6401506,0.37306076,0.39935493,0.4101053,0.58088875,0.19684589,0.3078227,0.40888625,0.3412716,0.54385966,0.30024242,0.446991,0.48774445,0.25025833,0.36692524,0.3668971,0.80520415,0.34691066,0.34219825,0.43843424,0.4367034,0.58603156,0.5133821,0.67362803,0.474898,0.45457587,0.402465,0.4173551,0.775457,0.39778334,0.44999206,0.36916754,0.37486413,0.35260397
Bdnf,0.23275517,0,0.19606315,0,0,0.31540525,0.24332727,0.174645,0.20645659,0,0.15838358,0.17815945,0,0,0.14992198,0.20024829,0,0,0,0,0.20666759,0.22983079,0.14440416,0,0,0,0,0,0,0,0.2825902,0.20777413,0,0.12918055,0.320556,0,0.13414012,0,0.18299393,0.21577163,0,0,0.20373052,0,0.19082479,0,0.3306942,0.17758733,0,0.15828466,0.34442583,0,0,0,0,0.19148298,0,0,0,0,0,0.1726889,0.27712864,0,0,0,0.18996237,0.15644054,0,0,0.15466997,0,0,0.3847255,0.16705416,0,0.28126556,0.386785,0,0.31917956,0.27924642,0,0,0.1716736,0,0,0.29977426,0,0,0.35236114,0,0,0.24849124,0,0,0.19956708,0,0,0,0.4463247,0.11870905,0.13316493,0.12651505,0.4841923,0.21662772,0,0,0.23802388,0,0,0,0,0,0.2821186,0,0.24298209,0.38049927,0.12346212,0.16812706,0,0,0.29324836,0.14836124,0,0.23174898,0.3485793,0,0,0.098964974,0.1743254,0,0.1249842,0.31865048,0.148847,0.4490208,0,0,0,0,0,0,0,0,0.26499057,0,0,0,0.35864386,0,0,0,0.3273941,0.14379959,0,0.11370758,0.23553632,0.13625437,0,0.164334,0.14576046,0,0,0.3666908,0.1782283,0.54516226,0,0,0,0,0.1912617,0,0,0,0.18948025,0.15159756
Npy,0,0,0,0,0,0,0,0,0,0,0,0,0,0,0,0,0,0.16420041,0,0,0,0,0,0,0,0,0,0,0,0,0,0,0,0,0,0,0,0,0,0,0,0,0,0,0,0,0,0,0,0,0.14409035,0,0,0,0,0,0,0,0,0,0,0,0,0,0,0,0,0,0,0,0,0,0,0,0,0,0,0,0,0,0,0,0,0,0,0,0,0,0,0,0,0.14169598,0,0,0,0,0,0,0,0,0,0,0,0,0,0,0,0,0,0,0,0,0,0,0,0,0,0,0,0,0,0,0,0,0,0,0,0,0.098964974,0,0,0,0,0,0,0,0,0,0,0,0,0,0,0,0,0,0,0,0,0,0,0,0,0,0,0,0,0,0,0,0,0,0,0,0.57628316,0,0,0,0,0,0,0,0,0,0
Tfcp2l1,0.29165056,0.6537382,0.4991304,0.4663776,0.6515191,0.31540525,0.65190095,0.50427246,0.43584135,0.115207106,0.15838358,0.2974173,0.35966966,0.70681506,0.65488124,0.48562935,0.39917055,0.46179622,0.45513096,0.23588586,0.28419545,0.15996838,0.14440416,0.4491824,0.5531366,0.46121168,0.64142114,0.46824336,0.64892256,0.7574738,0.36820093,0.42593268,0.461771,0.6060168,0.7422505,0.64172375,0.30438992,0.5530639,0.4646233,0.6233887,0.6116074,0.47210425,0.659436,0.2931245,0.63298523,0.46383882,0.4181294,0.48400018,0.65334547,0.27670008,0.52227783,0.3391957,0.53568494,0.6010054,0.5274171,0.33325705,0.5298166,0.25679475,0.5797495,0.5192459,0.6212021,0.5882657,0.32566842,0.67333096,0.40806472,0.71612126,0.58778876,0.6744269,0.61151075,0.68369406,0.45035425,0.47376972,0.5607912,0.28090483,0.7018156,0.3783701,0.36606488,0.386785,0.756272,0.21380274,0.7308424,0.616507,0.7539111,0.6558417,0.3727647,0.3209391,0.25340793,0.3930896,0.6523743,0.72489655,0.7036147,0.69714373,0.79935884,0.4522712,0.47640178,0.30240193,0.66359687,0.53608704,0.58244896,0.4380094,0.3432648,0.62362206,0.69522613,0.6072944,0.34225202,0.41419572,0.43101758,0.6784792,0.2996883,0.61345065,0.3143492,0.715007,0,0.7148674,0.30446306,0.17045854,0.42827678,0.18708062,0.65954787,0.47696105,0.6771512,0.5075981,0.5017724,0.5200429,0.16002771,0.36833024,0.58992624,0.53607935,0.2921369,0.46104532,0.48073992,0.6080928,0.31865048,0.5428555,0.3975234,0.4424215,0.47040072,0.27375576,0.17709199,0.62581706,0.2150914,0.32828557,0.6074663,0.6645857,0.67082536,0.6229863,0.5691555,0.6791549,0.14724353,0.30028915,0.26513228,0.15110826,0.63202584,0.5114265,0.5569014,0.3441197,0.7285967,0.35063016,0.7106161,0.68853515,0.705488,0.4367034,0.74179965,0.53817916,0.58961415,0,0.22714353,0.44954166,0.34270972,0.37948373,0.55037594,0.2443085,0.3049086,0.576739,0.35260397
Dnmt3b,0.7747357,0.8151825,0.8633324,0.74634975,0.79443127,0.8196221,0.8297135,0.8632742,0.8161027,0.84160966,0.7023544,0.6060004,0.7969913,0.69171625,0.7825543,0.8362147,0.8204206,0.83287257,0.81443715,0.892156,0.80793476,0.59514534,0.6960592,0.75066847,0.82335436,0.79326224,0.75094026,0.7248031,0.71379995,0.72174543,0.7936415,0.77224827,0.6566261,0.4332939,0.71079457,0.7413367,0.75321233,0.7665358,0.89066845,0.7910362,0.8247026,0.8326058,0.82866335,0.73375696,0.83275443,0.7994739,0.7967777,0.78233796,0.7904498,0.8395492,0.8935481,0.659692,0.7350603,0.7693136,0.7811214,0.7628033,0.87406117,0.81782633,0.8332152,0.8457166,0.85204965,0.80325365,0.68544596,0.8058753,0.84021544,0.80360705,0.8510797,0.84887403,0.7438139,0.8528436,0.6846839,0.7676845,0.75095546,0.6518462,0.79754066,0.8437422,0.9257616,0.75938845,0.7937329,0.8910453,0.80952954,0.79539055,0.78913903,0.80817485,0.80864006,0.7829457,0.772061,0.7488426,0.8874548,0.8804421,0.8512973,0.8639954,0.75581497,0.87467164,0.8835947,0.7506253,0.71341014,0.82013154,0.9660142,0.8131376,0.79601026,0.7083365,0.7636303,0.8205923,0.8329396,0.88496375,0.68456185,0.78751576,0.92895067,0.6942117,0.61190516,0.647837,0.89113206,0.7842816,0.9654747,0.6654832,0.84824973,0.7276591,0.705913,0.7724863,0.7395082,0.6705426,0.8469551,0.67853665,0.86271596,0.893238,0.749376,0.854275,0.710376,0.76259494,0.8018549,0.7650377,0.8902517,0.8097711,0.888662,0.9176735,0.8886978,0.8180163,0.86911446,0.7541322,0.817344,0.9207715,0.7946814,0.83197063,0.7774769,0.7134924,0.6682629,0.6984445,0.68300325,0.7943137,0.80313784,0.941181,0.64323026,0.6760031,0.6816891,0.8615476,0.7285967,0.74829507,0.77332413,0.7061969,0.7803958,0.814095,0.88513833,0.8870469,0.8662705,0.8210454,0.8081538,0.8340271,0.8624973,0.78011155,0.84326917,0.7696586,0.80139166,0.69735974,0.8094464
Tdh,0.8342148,0.8331405,0.8317504,0.872673,0.8409609,0.44181198,0.8555777,0.8517868,0.6138975,0.81310976,0.92293555,0.8071378,0.78351295,0.876789,0.8803425,0.6557716,0.8355324,0.86432487,0.6839446,0.8898123,0.75768524,0.15996838,0.83828735,0.6361183,0.8575136,0.61214113,0.82786995,0.5833833,0.6743023,0.87334657,0.90927625,0.9130306,0.8474681,0.8988435,0.8701888,0.80219084,0.9124533,0.78131247,0.74923646,0.77738,0.9066045,0.9198714,0.8899801,0.8901969,0.8824877,0.8697751,0.8829873,0.84541285,0.8522537,0.92397475,0.85897636,0.71821624,0.89360505,0.8463688,0.8521313,0.8886647,0.88002825,0.86718816,0.88096726,0.87998295,0.89847475,0.9116061,0.5693253,0.8910371,0.8962608,0.8882365,0.9196162,0.80100954,0.84901136,0.89444363,0.8446592,0.79874206,0.8602961,0.84820366,0.8563751,0.7795521,0.7179661,0.67760736,0.91581535,0.8152682,0.85505843,0.72658366,0.93038416,0.70295805,0.6043525,0.724408,0.75328577,0.7237201,0.85244274,0.86897945,0.8050729,0.8805202,0.7983476,0.75143874,0.75915515,0.24324839,0.87927717,0.8998433,0.9051886,0.34173506,0.9348393,0.8598726,0.9124924,0.74866825,0.58767545,0.85039,0.8702366,0.7897006,0.8623075,0.8188191,0.54952013,0.9142327,0.8835289,0.79700124,0.86018515,0.8178645,0.38049927,0.88281226,0.8614928,0.528216,0.91503555,0.6739788,0.9072101,0.8372945,0.8276377,0.85289204,0.8608547,0.96986675,0.84868306,0.799979,0.79500777,0.8140032,0.63708127,0.8770588,0.69866014,0.52265096,0.91284746,0.92360294,0.9169927,0.8849292,0.91873,0.5262127,0.8760885,0.87654865,0.89572,0.8758185,0.63299394,0.8726658,0.90161395,0.8481756,0.8947538,0.7948097,0.8248979,0.8618581,0.88081515,0.91175604,0.9200521,0.39530233,0.9120837,0.9090095,0.8996628,0.8766472,0.82495606,0.80204755,0.83370095,0.8715151,0.93887657,0.89884365,0.90360117,0.6425802,0.95096135,0.8014424,0.8063318,0.8873706,0.91615623
Mcm2,0,0,0,0,0,0,0,0,0,0,0,0,0,0,0,0,0,0,0,0,0,0,0,0,0,0,0,0,0,0,0,0,0,0,0,0,0,0,0,0,0,0,0,0,0,0,0,0,0,0,0,0,0,0,0,0,0,0,0,0,0,0,0,0,0,0,0,0,0,0,0,0,0,0,0,0,0,0,0,0,0,0,0,0,0,0,0,0,0,0,0,0,0,0,0,0,0,0,0,0,0,0,0,0,0,0,0,0,0,0,0,0,0,0,0,0,0,0,0,0,0,0,0,0,0,0,0,0,0,0,0,0,0,0,0,0,0,0,0,0,0,0,0,0,0,0,0,0,0,0,0,0,0,0,0,0,0,0,0,0,0,0,0,0,0,0,0,0,0,0,0,0,0,0,0
Zfp42,0.60699177,0.9261544,0.8200204,0.8606466,0.974363,0.5846993,0.8745063,0.82714164,0.82379735,0.6123164,0.88003093,0.6132043,0.670552,0.7909472,0.8017483,0.88109255,0.91934276,0.90497,0.89603436,0.7321537,0.67458695,0.5153157,0.7929595,0.76245856,0.8575136,0.8456502,0.97688574,0.71209747,0.8368139,0.89027417,0.7849667,0.77908987,0.8506196,0.90200776,0.9309758,0.9061321,0.76009077,0.95119935,0.93834096,0.9729612,0.8107672,0.9102063,0.8275689,0.74517727,0.7988215,0.7495687,0.8222319,0.67234623,0.80599284,0.7901257,0.88206816,0.71525437,0.9420125,0.8963695,0.6505185,0.66052604,0.82052886,0.80376947,0.8544804,0.8524728,0.6912864,0.90314025,0.5906371,0.90919554,0.71471006,0.9147627,0.868095,0.848336,0.77149343,0.9337754,0.7065056,0.7163273,0.7174008,0.86428386,0.9005395,0.6437046,0.49662882,0.67509174,0.91341555,0.51357025,0.90587175,0.78536433,0.94769466,0.7900021,0.61280876,0.72665536,0.6472399,0.62970805,0.96296185,0.86091226,0.8927494,0.87937707,0.89963436,0.93160003,0.9222826,0.47624618,0.83884966,0.8934874,0.78313845,0.58727217,0.8891833,0.8699011,0.922856,0.9425021,0.53551173,0.6084937,0.82855266,0.9401345,0.57093686,0.78665364,0.85178673,0.8879861,0.55460346,0.8823223,0.5287694,0.5588581,0.58163124,0.7218183,0.8779604,0.7117697,0.9144316,0.6789723,0.8246997,0.8771153,0.7665369,0.9267564,0.7933557,0.7438695,0.86402607,0.82189023,0.8642355,0.91027474,0.6635284,0.91683537,0.5915431,0.3995073,0.7186131,0.54998296,0.82765865,0.85050154,0.61356086,0.48196605,0.9215916,0.871198,0.8542806,0.73202544,0.6729092,0.8865002,0.8058262,0.67521197,0.7489163,0.62132645,0.90780663,0.7952555,0.96274096,0.5931263,0.8902635,0.48430473,0.895731,0.8699625,0.8421478,1,0.8949375,0.9227977,0.9420376,0.87530893,0.9396099,0.9923153,0.7807049,0.671759,0.9083481,0.8241668,0.9210755,0.74183565,0.729825
Aurka,0.7879604,0.7958153,0.61167514,0.7266318,0.677037,0.6612578,0.7293619,0.6398384,0.5766074,0.74991864,0.6930576,0.7229015,0.73932934,0.7845797,0.767748,0.7177915,0.7668467,0.7578196,0.67240185,0.7880475,0.77212834,0.43299183,0.6990103,0.5626126,0.68558216,0.6075771,0.68755615,0.6076902,0.5324358,0.6625414,0.7214724,0.75145984,0.7494835,0.6393948,0.5906349,0.69905907,0.7795779,0.7435722,0.7933185,0.6949426,0.63386303,0.64210486,0.5500423,0.6515148,0.5745372,0.66106987,0.64859694,0.6863988,0.574162,0.76192516,0.7570653,0.615595,0.56306344,0.6839664,0.69602287,0.6325988,0.72008073,0.6180907,0.59658045,0.6168719,0.74577165,0.65620303,0.81365603,0.6082996,0.661834,0.6041037,0.61338687,0.63070226,0.61997837,0.73811704,0.73603034,0.58989656,0.5458414,0.76053625,0.6163918,0.77234554,0.58836055,0.6645019,0.56241757,0.73139864,0.64530015,0.64532965,0.55458415,0.59344524,0.7688756,0.67560184,0.64174974,0.65096676,0.7272425,0.5289916,0.6760183,0.5747392,0.68228066,0.7084072,0.71893543,0.6888271,0.5299477,0.7588753,0.7358951,0.7626429,0.75044143,0.7083365,0.72781974,0.7170935,0.7123544,0.6194773,0.7208412,0.73457086,0.57093686,0.75216126,0.6015312,0.57374173,0.6195436,0.7562407,0.563347,0.64777225,0.748668,0.742963,0.6034652,0.528216,0.7549312,0.74665785,0.7270142,0.67493707,0.740816,0.70985925,0.68322957,0.70546514,0.77225214,0.65795577,0.6088677,0.73596567,0.65421695,0.61383504,0.5814697,0.65292615,0.7161422,0.783268,0.54043514,0.6143888,0.7459582,0.6441379,0.6209471,0.6758526,0.7035573,0.66630477,0.72457665,0.70772403,0.6510763,0.74541825,0.6889427,0.7731824,0.6535722,0.6506551,0.7883491,0.5624969,0.59170437,0.6411372,0.5872153,0.6229531,0.5874438,0.63706326,0.7107436,0.6757222,0.658781,0.6454141,0.6820661,0.62662685,0.6073723,0.6595613,0.5706021,0.7299533,0.77086467,0.6262908,0.59593517
gene_1,0,0,0,0,0,0,0,0,0,0,0,0,0,0,0,0,0,0,0,0,0,0,0,0,0,0,0,0,0,0,0,0,0,0,0,0,0,0,0,0,0,0,0,0,0,0,0,0,0,0,0,0,0,0,0,0,0,0,0,0,0,0,0,0,0,0,0,0,0,0,0,0,0,0,0,0,0,0,0,0,0,0,0,0,0,0,0,0,0,0,0,0,0,0,0,0,0,0,0,0,0,0,0,0,0,0,0,0,0,0,0,0,0,0,0,0,0,0,0,0,0,0,0,0,0,0,0,0,0,0,0,0,0,0,0,0,0,0,0,0,0,0,0,0,0,0,0,0,0,0,0,0,0,0,0,0,0,0,0,0,0,0,0,0,0,0,0,0,0,0,0,0,0,0,0
gene_2,0,0,0,0,0,0,0,0,0,0,0,0,0,0,0,0,0,0,0,0,0,0,0,0,0,0,0,0,0,0,0,0,0,0,0,0,0,0,0,0,0,0,0,0,0,0,0,0,0,0,0,0,0,0,0,0,0,0,0,0,0,0,0,0,0,0,0,0,0,0,0,0,0,0,0,0,0,0,0,0,0,0,0,0,0,0,0,0,0,0,0,0,0,0,0,0,0,0,0,0,0,0,0,0,0,0,0,0,0,0,0,0,0,0,0,0,0,0,0,0,0,0,0,0,0,0,0,0,0,0,0,0,0,0,0,0,0,0,0,0,0,0,0,0,0,0,0,0,0,0,0,0,0,0,0,0,0,0,0,0,0,0,0,0,0,0,0,0,0,0,0,0,0,0,0
gene_3,0,0,0,0,0,0,0,0,0,0,0,0,0,0,0,0,0,0,0,0,0,0,0,0,0,0,0,0,0,0,0,0,0,0,0,0,0,0,0,0,0,0,0,0,0,0,0,0,0,0,0,0,0,0,0,0,0,0,0,0,0,0,0,0,0,0,0,0,0,0,0,0,0,0,0,0,0,0,0,0,0,0,0,0,0,0,0,0,0,0,0,0,0,0,0,0,0,0,0,0,0,0,0,0,0,0,0,0,0,0,0,0,0,0,0,0,0,0,0,0,0,0,0,0,0,0,0,0,0,0,0,0,0,0,0,0,0,0,0,0,0,0,0,0,0,0,0,0,0,0,0,0,0,0,0,0,0,0,0,0,0,0,0,0,0,0,0,0,0,0,0,0,0,0,0
gene_4,0,0,0,0,0,0,0,0,0,0,0,0,0,0,0,0,0,0,0,0,0,0,0,0,0,0,0,0,0,0,0,0,0,0,0,0,0,0,0,0,0,0,0,0,0,0,0,0,0,0,0,0,0,0,0,0,0,0,0,0,0,0,0,0,0,0,0,0,0,0,0,0,0,0,0,0,0,0,0,0,0,0,0,0,0,0,0,0,0,0,0,0,0,0,0,0,0,0,0,0,0,0,0,0,0,0,0,0,0,0,0,0,0,0,0,0,0,0,0,0,0,0,0,0,0,0,0,0,0,0,0,0,0,0,0,0,0,0,0,0,0,0,0,0,0,0,0,0,0,0,0,0,0,0,0,0,0,0,0,0,0,0,0,0,0,0,0,0,0,0,0,0,0,0,0
gene_5,0,0,0,0,0,0,0,0,0,0,0,0,0,0,0,0,0,0,0,0,0,0,0,0,0,0,0,0,0,0,0,0,0,0,0,0,0,0,0,0,0,0,0,0,0,0,0,0,0,0,0,0,0,0,0,0,0,0,0,0,0,0,0,0,0,0,0,0,0,0,0,0,0,0,0,0,0,0,0,0,0,0,0,0,0,0,0,0,0,0,0,0,0,0,0,0,0,0,0,0,0,0,0,0,0,0,0,0,0,0,0,0,0,0,0,0,0,0,0,0,0,0,0,0,0,0,0,0,0,0,0,0,0,0,0,0,0,0,0,0,0,0,0,0,0,0,0,0,0,0,0,0,0,0,0,0,0,0,0,0,0,0,0,0,0,0,0,0,0,0,0,0,0,0,0
gene_6,0,0,0,0,0,0,0,0,0,0,0,0,0,0,0,0,0,0,0,0,0,0,0,0,0,0,0,0,0,0,0,0,0,0,0,0,0,0,0,0,0,0,0,0,0,0,0,0,0,0,0,0,0,0,0,0,0,0,0,0,0,0,0,0,0,0,0,0,0,0,0,0,0,0,0,0,0,0,0,0,0,0,0,0,0,0,0,0,0,0,0,0,0,0,0,0,0,0,0,0,0,0,0,0,0,0,0,0,0,0,0,0,0,0,0,0,0,0,0,0,0,0,0,0,0,0,0,0,0,0,0,0,0,0,0,0,0,0,0,0,0,0,0,0,0,0,0,0,0,0,0,0,0,0,0,0,0,0,0,0,0,0,0,0,0,0,0,0,0,0,0,0,0,0,0
gene_7,0,0,0,0,0,0,0,0,0,0,0,0,0,0,0,0,0,0,0,0,0,0,0,0,0,0,0,0,0,0,0,0,0,0,0,0,0,0,0,0,0,0,0,0,0,0,0,0,0,0,0,0,0,0,0,0,0,0,0,0,0,0,0,0,0,0,0,0,0,0,0,0,0,0,0,0,0,0,0,0,0,0,0,0,0,0,0,0,0,0,0,0,0,0,0,0,0,0,0,0,0,0,0,0,0,0,0,0,0,0,0,0,0,0,0,0,0,0,0,0,0,0,0,0,0,0,0,0,0,0,0,0,0,0,0,0,0,0,0,0,0,0,0,0,0,0,0,0,0,0,0,0,0,0,0,0,0,0,0,0,0,0,0,0,0,0,0,0,0,0,0,0,0,0,0
